{
    "detection_boxes": [
        [
            0.315060437,
            0.0694898218,
            0.620344818,
            0.268422842
        ],
        [
            0.372676253,
            0.484189451,
            0.782604218,
            0.850509
        ],
        [
            0.0551674664,
            0.310724556,
            0.878770471,
            0.475768387
        ]
    ],
    "detection_scores": [
        0.99963516,
        0.993319511,
        0.962556481
    ],
    "detection_classes": [
        1.0,
        1.0,
        2.0
    ],
    "num_detections": 3
}