{"predictions": [{"detection_scores": [0.948783278, 0.312819719, 0.293762565, 0.0430692136, 0.0364088118, 0.0251114368, 0.0189636052, 0.0187235773, 0.018487215, 0.014639318, 0.0131717622, 0.0113914609, 0.0098811388, 0.00881043077, 0.00782045722, 0.00689643621, 0.00574010611, 0.00535228848, 0.00500232, 0.00377956033, 0.0037676692, 0.00364953279, 0.00361037254, 0.00315955281, 0.00309458375, 0.00308847427, 0.00292465091, 0.00284898281, 0.00278306, 0.00271564722, 0.00268918276, 0.00265210867, 0.00257393718, 0.00256311893, 0.00246715546, 0.00243976712, 0.00239178538, 0.00226640701, 0.00225409865, 0.00225180387, 0.00223612785, 0.00221452117, 0.00221303105, 0.00220811367, 0.00217992067, 0.00213098526, 0.00203934312, 0.00202682614, 0.0020070374, 0.00190854073, 0.00189754367, 0.00189438462, 0.00188243389, 0.00188237429, 0.00186872482, 0.00186574459, 0.00186312199, 0.00184851885, 0.00183010101, 0.00181880593, 0.00181594491, 0.00179255009, 0.00176697969, 0.00176379085, 0.00175118446, 0.00172108412, 0.00170570612, 0.00170528889, 0.0016977191, 0.00167533755, 0.00166159868, 0.00166136026, 0.00165355206, 0.00164806843, 0.00164136291, 0.00163498521, 0.00163412094, 0.00163146853, 0.00162363052, 0.001606673, 0.00159668922, 0.00158974528, 0.00158840418, 0.00158542395, 0.00158295035, 0.00157722831, 0.00157085061, 0.00156652927, 0.00155249238, 0.00153854489, 0.00153544545, 0.00153073668, 0.00152370334, 0.00152182579, 0.00151667, 0.00151190162, 0.00150924921, 0.00149846077, 0.00147631764, 0.00146219134], "detection_classes": [1.0, 1.0, 1.0, 1.0, 1.0, 2.0, 1.0, 1.0, 1.0, 1.0, 1.0, 1.0, 1.0, 1.0, 1.0, 1.0, 1.0, 1.0, 1.0, 1.0, 2.0, 1.0, 1.0, 1.0, 1.0, 1.0, 1.0, 1.0, 1.0, 1.0, 2.0, 1.0, 1.0, 1.0, 1.0, 2.0, 1.0, 2.0, 1.0, 1.0, 2.0, 1.0, 1.0, 1.0, 1.0, 1.0, 1.0, 1.0, 1.0, 2.0, 1.0, 2.0, 1.0, 1.0, 1.0, 2.0, 1.0, 1.0, 1.0, 1.0, 2.0, 1.0, 1.0, 2.0, 1.0, 1.0, 1.0, 1.0, 1.0, 2.0, 1.0, 1.0, 1.0, 1.0, 1.0, 1.0, 1.0, 1.0, 1.0, 1.0, 1.0, 1.0, 2.0, 2.0, 2.0, 1.0, 2.0, 1.0, 1.0, 2.0, 1.0, 1.0, 2.0, 2.0, 1.0, 1.0, 1.0, 1.0, 1.0, 1.0], "num_detections": 100.0, "detection_boxes": [[0.0410243571, 0.0578783751, 1.0, 0.89392364], [0.0342519581, 0.759431601, 0.9781394, 1.0], [0.0452760458, 0.0, 0.98627162, 0.600577354], [0.0855347216, 0.372636229, 1.0, 0.869759917], [0.0374655128, 0.590163589, 0.990539253, 1.0], [0.562696934, 0.0361627564, 0.954173923, 0.11503423], [0.183974594, 0.825440407, 0.915299535, 0.992714524], [0.029324919, 0.0, 0.975153327, 0.230051249], [0.0554921031, 0.277942568, 0.996166289, 0.642463207], [0.00792342424, 0.662863195, 1.0, 0.914607346], [0.224400282, 0.011721462, 1.0, 0.422741979], [0.172781736, 0.00300546, 1.0, 0.112726405], [0.317074358, 0.46961, 1.0, 0.878016829], [0.228652686, 0.769587398, 0.972371101, 0.949076533], [0.345155507, 0.728592932, 0.980650902, 0.993131936], [0.0675085485, 0.533596158, 0.994745731, 0.835699201], [0.671027184, 0.907073855, 0.965400815, 0.998322368], [0.800289392, 0.268547475, 0.976207137, 0.522737145], [0.446160913, 0.404378861, 0.998973, 0.997015476], [0.0091105774, 0.802822948, 0.201508522, 1.0], [0.0, 0.0530035198, 0.0836667567, 0.263958901], [0.208422244, 0.0, 0.953150809, 0.0700167343], [0.0, 0.48179251, 0.168584883, 0.704004943], [0.0, 0.683469832, 0.0602323413, 0.746610343], [0.0, 0.898494363, 0.0702849105, 0.973524332], [0.0, 0.319245577, 0.132686973, 0.525917649], [0.282692969, 0.979479849, 0.465134025, 1.0], [0.652077794, 0.865311861, 0.977599621, 0.977708], [0.460705578, 0.814301, 1.0, 1.0], [0.0, 0.767378092, 0.0664167181, 0.844097853], [0.514581, 0.0119121782, 0.926505148, 0.108373493], [0.0, 0.133711606, 0.0654090494, 0.212101668], [0.0, 0.824873686, 0.0663907081, 0.904364109], [0.0, 0.869379163, 0.065905422, 0.947970748], [0.0, 0.715737343, 0.0617824979, 0.776925206], [0.085190773, 0.736878276, 0.957473636, 0.986297727], [0.0, 0.796523929, 0.0675504208, 0.873735428], [0.0, 0.97990936, 0.108989358, 1.0], [0.0, 0.0460162833, 0.472295612, 0.256389141], [0.137215137, 0.897291601, 0.871652722, 0.99480921], [0.519163489, 0.541003466, 1.0, 1.0], [0.56787622, 0.0305543989, 0.92461741, 0.126182526], [0.0, 0.955911279, 0.177722856, 1.0], [0.0, 0.0, 0.443775952, 0.189112946], [0.642455, 0.831252813, 0.975813746, 0.950294614], [0.0, 0.164657, 0.0647955686, 0.242506176], [0.0, 0.0445495881, 0.064997077, 0.123669013], [0.750365555, 0.919521689, 1.0, 1.0], [0.0323477164, 0.240483135, 0.105601691, 0.308078974], [0.0113556162, 0.968316138, 0.148707807, 1.0], [0.791235864, 0.388391376, 0.994826138, 0.599636436], [0.0, 0.0, 0.420190305, 0.570802331], [0.0, 0.517465949, 0.46377933, 0.731902122], [0.0, 0.105655149, 0.492607832, 0.312497795], [0.730241656, 0.30975166, 0.943079233, 0.508154869], [0.0, 0.104361922, 0.0646121204, 0.187869906], [0.0, 0.460302413, 0.468513399, 0.671948135], [0.0, 0.104361922, 0.0646121204, 0.187869906], [0.54073894, 0.928632677, 0.889460444, 1.0], [0.335490286, 0.227794528, 1.0, 0.800634146], [0.0039973259, 0.0152689815, 0.964683354, 0.460482389], [0.360420823, 0.0, 1.0, 0.19778493], [0.521508694, 0.106723726, 1.0, 0.309925], [0.554310381, 0.0, 1.0, 0.404438674], [0.478492796, 0.0635013878, 0.984551251, 0.845574737], [0.0, 0.398349255, 0.467758596, 0.613065958], [0.540419698, 0.620499969, 1.0, 1.0], [0.842741489, 0.687348485, 0.977819681, 0.977366924], [0.0206620693, 0.109240144, 0.110149026, 0.177183926], [0.106513768, 0.0341129601, 1.0, 0.835291147], [0.450503379, 0.0484198034, 0.985687494, 0.468343407], [0.0, 0.0128157586, 0.421534777, 0.393279552], [0.31919086, 0.867222965, 0.95914638, 0.997892201], [0.0251534507, 0.887902558, 0.156389207, 0.959795296], [0.226956129, 0.928064346, 0.861917496, 1.0], [0.0, 0.730981, 0.0636700392, 0.794623613], [0.0, 0.405382931, 0.128434971, 0.60985738], [0.514235497, 0.0521511659, 1.0, 0.256723702], [0.0, 0.226179749, 0.492409438, 0.439417392], [0.0747621804, 0.825659692, 0.281044424, 1.0], [0.0, 0.0, 0.795092165, 0.120822713], [0.534965277, 0.22562629, 1.0, 0.428643882], [0.0, 0.143089056, 0.0871609896, 0.345040619], [0.0129642487, 0.590750277, 1.0, 0.868650258], [0.727237463, 0.0, 1.0, 0.329902828], [0.786856592, 0.84762609, 0.983411849, 1.0], [0.0, 0.0, 0.310499609, 0.374770939], [0.0, 0.0, 0.177034527, 0.515565634], [0.0304833874, 0.845567942, 0.157559276, 0.912843823], [0.393491626, 0.311389923, 1.0, 1.0], [0.284310877, 0.958131909, 0.414252758, 0.999107122], [0.521226168, 0.281452864, 1.0, 0.487870842], [0.0, 0.939605594, 0.0681841075, 0.995801687], [0.0, 0.201526925, 0.0609754957, 0.284908265], [0.0, 0.183774054, 0.193728507, 0.822448194], [0.0, 0.0710047632, 0.0597828887, 0.154059306], [0.0, 0.135976017, 0.349788606, 0.75705266], [0.32195428, 0.0967405736, 0.982598901, 0.646473408], [0.348653764, 0.0, 0.597118855, 0.195091337], [0.0439157151, 0.118213013, 0.145756871, 0.16787447]]}]}